cluster_id,n,extended_score_median,apr_median,tvl_median,pnl_all_time_last_median,pnl_all_time_max_dd_median,pnl_all_time_stability_median,av_all_time_obs_median,leader_commission_median,cluster_theme,cluster_name
3,69,0.4384459636209948,-0.0004491345136006,30774.153101,3243.484494,-3759.968833,1955.171361558666,42.0,0.1,Steady Grinder,Steady Grinder C3
1,45,0.3697333141292606,0.0,70583.13454,26070.094752,-13196.544426,8814.15057144292,67.0,0.1,Steady Grinder,Steady Grinder C1
2,19,0.3152670051611487,4.0245011165098035,100422.239551,35443.077039,-13627.650581,15193.59893176923,46.0,0.1,Steady Grinder,Steady Grinder C2
4,7,0.2953912763321126,2.2996e-05,1002202.108842,4891177.369524,0.0,3127715.0486484226,52.0,0.0,Mixed Profile,Mixed Profile C4
0,101,0.2868451664458799,0.4003765950192754,2762.940289,325.460023,-81.088414,119.7851978631797,46.0,0.1,Steady Grinder,Steady Grinder C0
