cluster_id,n,extended_score_median,apr_median,tvl_median,pnl_all_time_last_median,pnl_all_time_max_dd_median,pnl_all_time_stability_median,av_all_time_obs_median,leader_commission_median,cluster_theme,cluster_name
3,49,0.4849868565159234,-0.0271050008580631,35192.671291,7061.783219,-10344.546834000008,6803.121787051459,45.0,0.1,Steady Grinder,Steady Grinder C3
2,85,0.3233374027402158,0.2039041694553628,9535.1201,1591.150128,-1536.3336780000002,882.1958433251406,50.0,0.1,Steady Grinder,Steady Grinder C2
0,6,0.3015088905229497,2.8739392736631475e-05,15500000.1482255,17806790.705017,0.0,4398902.36434672,67.0,0.0,Mixed Profile,Mixed Profile C0
4,33,0.2999354561685503,1.065364379530835,216340.141464,114656.501305,-30029.58260899999,32645.56851566999,59.0,0.1,Mixed Profile,Mixed Profile C4
1,82,0.2736082354978836,0.258774886738271,2729.01837,179.5404615,-38.487386499999985,65.36144987226089,45.0,0.1,Steady Grinder,Steady Grinder C1
